<?xml version="1.0" encoding="UTF-8" standalone="no"?>
<oneoff_inventory>
    <opack_version version="14.1.0.1.7"/>
    <patch_description>WLS PATCH SET UPDATE 12.1.3.0.200714</patch_description>
    <patch_id number="31178516"/>
    <minimum_opatch_version>13.2.0.0.0</minimum_opatch_version>
    <unique_patch_id>23596385</unique_patch_id>
    <cannot_autorollback>false</cannot_autorollback>
    <date_of_patch day="5" month="Jun" time="23:56:50 hrs" year="2020" zone="PST8PDT"/>
    <base_bugs>
        <bug description="Fix for Bug 30958807" number="30958807"/>
        <bug description="DISPLAY WARNING IN CONSOLE IF JDK IS NOT SUPPORTED" number="31380262"/>
        <bug description="Fix for Bug 30885128" number="30885128"/>
        <bug description="Fix for Bug 30885114" number="30885114"/>
        <bug description="PROBLEM WITH CONNECT LISTENER WHICH IS RESULTING IN FAILED DEPLOYMENT" number="18173724"/>
        <bug description="Fix for Bug 31113242" number="31113242"/>
        <bug description="SYNCHRONIZATION NEEDED IN INITIALIZE METHOD OF SINGLETONMONITORSERVICETRACKER" number="28975384"/>
        <bug description="Fix for Bug 31234666" number="31234666"/>
        <bug description="MDBS FAIL TO RECONNECT TO REMOTE DT WHEN DT MEMBER IS RESTARTED" number="27191988"/>
        <bug description="Fix for Bug 31316252" number="31316252"/>
        <bug description="Fix for Bug 31247235" number="31247235"/>
        <bug description="Fix for Bug 30692988" number="30692988"/>
        <bug description="Fix for Bug 30285053" number="30285053"/>
        <bug description="Fix for Bug 30964331" number="30964331"/>
        <bug description="CONNECTION FILTER DOES NOT WORK AFTER APPLYING PSU 12.2.1.3.191217" number="30961904"/>
        <bug description="Fix for Bug 30885217" number="30885217"/>
        <bug description="EMBEDDED LDAP CORRUPTED WHEN MGD SERVER IS KILLED" number="30814590"/>
        <bug description="Fix for Bug 30801769" number="30801769"/>
        <bug description="Fix for Bug 30624882" number="30624882"/>
        <bug description="Fix for Bug 30740009" number="30740009"/>
        <bug description="Fix for Bug 28482069" number="28482069"/>
        <bug description="DEADLOCK BETWEEN TAGINFOEX AND TAGFILESYNCHRONIZER" number="20475586"/>
        <bug description="Fix for Bug 30885237" number="30885237"/>
        <bug description="Fix for Bug 30563848" number="30563848"/>
        <bug description="Fix for Bug 30068341" number="30068341"/>
        <bug description="Fix for Bug 30558254" number="30558254"/>
        <bug description="Fix for Bug 20267030" number="20267030"/>
        <bug description="Fix for Bug 30218042" number="30218042"/>
        <bug description="FEW TESTS ARE FAILING IN EJB SUITE SRC103600PSUW2K_EJB30_IIOP-R1" number="30625280"/>
        <bug description="Fix for Bug 30342923" number="30342923"/>
        <bug description="FEW TESTS ARE FAILING IN SECURITY COMPONENT SUITE SRC103600PSUW2K_SEC_FUNC_R1_RUN2" number="30622115"/>
        <bug description="Fix for Bug 30362086" number="30362086"/>
        <bug description="Fix for Bug 30362026" number="30362026"/>
        <bug description="SDP PSR SUITE SHOWED OOM ERRORS CONSISTENTLY" number="30671463"/>
        <bug description="Fix for Bug 26444945" number="26444945"/>
        <bug description="Fix for Bug 30341541" number="30341541"/>
        <bug description="FORMS LAUNCH FAILS WITH THE ERROR FRM-92101 AFTER APPLYING JULY'17 WEBLOGIC PSU" number="27158972"/>
        <bug description="Fix for Bug 30366862" number="30366862"/>
        <bug description="Fix for Bug 30773415" number="30773415"/>
        <bug description="PSR MULTIPLE OUTAGES DUE TO PERMGEN OUTOFMEMORY" number="30754965"/>
        <bug description="WLS WON'T START AT ALL IF THE IP V6 /64 LISTED ON THE CONNECTION FILTER" number="30230430"/>
        <bug description="Fix for Bug 29585355" number="29585355"/>
        <bug description="Fix for Bug 24931180" number="24931180"/>
        <bug description="MODIFY BODYCONTENTIMPL ON WRITE BUFFER" number="29752735"/>
        <bug description="Fix for Bug 29671344" number="29671344"/>
        <bug description="TRACKING BUG FOR WLS ISSUE IN 29726561" number="29921455"/>
        <bug description="WLS JAN &amp;amp; APRIL PSU'S  - HANG WITH 'STUCK THREAD', AND CANNOT PROCESS REQUESTS." number="27829330"/>
        <bug description="MEMORY LEAK WITH WEBLOGIC.MESSAGING.KERNEL.INTERNAL.MESSAGEHANDLE" number="24705722"/>
        <bug description="STANDALONE JAVA APPLICATION IS RUNNING INTO OOM" number="24482639"/>
        <bug description="Fix for Bug 28973782" number="28973782"/>
        <bug description="Fix for Bug 30153412" number="30153412"/>
        <bug description="Fix for Bug 29158881" number="29158881"/>
        <bug description="Fix for Bug 29957539" number="29957539"/>
        <bug description="ABNORMAL LOG ROTATE STDOUT/STDERR FILE" number="23857587"/>
        <bug description="Fix for Bug 29750025" number="29750025"/>
        <bug description="PROTOCOLEXCEPTION WITH WRONG CONTENT-LENGTH COUNTED BY NUMBER OF CHARACTERS" number="18516704"/>
        <bug description="RECEIVING DEADLOCKS EVERYTIME ON JAX-WS APPLICATION WITH JAN2018,APRIL2018 PSU" number="28166339"/>
        <bug description="BEA-101104 JAVA.NET.PROTOCOLEXCEPTION TRYING TO ACCESS JAVAWEBSTART RESOURCE" number="20446229"/>
        <bug description="Fix for Bug 29356775" number="29356775"/>
        <bug description="SCHEMALOCATION IN GENERATED WSDL HAS // AFTER ?WSDL GENERATED WITH RELATIVE PATH" number="27228370"/>
        <bug description="STRESS  NPE DURING WEBSOCKET STRESS TEST" number="24468857"/>
        <bug description="HIGH CPU USAGE BY LDAP THREADS" number="25832897"/>
        <bug description="JAVA.IO.INVALIDCLASSEXCEPTION  FILTER STATUS  REJECTED" number="29448643"/>
        <bug description="AGL DS XA AFFINITY NOT HONORED IN SOME TX LOCAL RESOURCE ASSIGNMENT SCENARIOS" number="23071867"/>
        <bug description="Fix for Bug 29671623" number="29671623"/>
        <bug description="WLDATASOURCE.GETCONNECTIONTOINSTANCE(STRING INSTANCE) CAN FAIL IF NO CONNECTIONS TO INSTANCE HAVE BEEN PROCESSED" number="29870012"/>
        <bug description="Fix for Bug 29726561" number="29726561"/>
        <bug description="Fix for Bug 29701537" number="29701537"/>
        <bug description="WSDL ERROR MUST ATTRIBUTE 'NAME' NOTFOUND IN ELEMENT  'BINDING" number="29312272"/>
        <bug description="Fix for Bug 26403575" number="26403575"/>
        <bug description="Fix for Bug 29667975" number="29667975"/>
        <bug description="Fix for Bug 28891448" number="28891448"/>
        <bug description="Fix for Bug 29140540" number="29140540"/>
        <bug description="Fix for Bug 29140516" number="29140516"/>
        <bug description="Fix for Bug 28998139" number="28998139"/>
        <bug description="Fix for Bug 28874066" number="28874066"/>
        <bug description="Fix for Bug 29140551" number="29140551"/>
        <bug description="Fix for Bug 29140549" number="29140549"/>
        <bug description="Fix for Bug 26791760" number="26791760"/>
        <bug description="Fix for Bug 29140508" number="29140508"/>
        <bug description="Fix for Bug 29140555" number="29140555"/>
        <bug description="Fix for Bug 28626991" number="28626991"/>
        <bug description="Fix for Bug 26353793" number="26353793"/>
        <bug description="Fix for Bug 28110087" number="28110087"/>
        <bug description="HTTP SESSION OBJECTS DOESN'T ADHER SESSION TIMEOUT WHEN CLIENT TERMINATES REQUES" number="28313163"/>
        <bug description="PERF PROD HUGE TIME SPENT IN WEBLOGIC.SECURITY.ACL.INTERNAL.AUTHENTICATEDSUBJECT" number="28594324"/>
        <bug description="NODEMANAGER MEMORY LEAK ON SSL HANDSHAKE FAILURES" number="26624375"/>
        <bug description="Fix for Bug 28409586" number="28409586"/>
        <bug description="Fix for Bug 28375173" number="28375173"/>
        <bug description="FIX FOR BUG 22690676" number="28481582"/>
        <bug description="BYPASS VERSION STRING CHECKS WHEN NON-ORACLE JDK IS USED." number="28140800"/>
        <bug description="Fix for Bug 28375702" number="28375702"/>
        <bug description="Fix for Bug 27988175" number="27988175"/>
        <bug description="Fix for Bug 28043040" number="28043040"/>
        <bug description="Fix for Bug 17905354" number="17905354"/>
        <bug description="Fix for Bug 20020455" number="20020455"/>
        <bug description="FIXED A WLST PERFORMANCE ISSUE IN ASSIGNING JMS RESOURCES TO CLUSTER AFTER APPLYING THE 171017 PSU" number="27416586"/>
        <bug description="Fix for Bug 27417245" number="27417245"/>
        <bug description="Fix for Bug 27445260" number="27445260"/>
        <bug description="FIXED AN ISSUE WHERE JAVAX.XML.XMLCONSTANTS.FEATURE_SECURE_PROCESSING WASN'T BEING PROPERLY PROPAGATED IN WSDLREADER." number="27947832"/>
        <bug description="Fix for Bug 27934864" number="27934864"/>
        <bug description="FIXED NODEMANAGER TO RESTART MANAGED SERVER THAT IS SHUT DOWN DUE TO OVERLOAD PROTECTION" number="18412312"/>
        <bug description="Fix for Bug 27819370" number="27819370"/>
        <bug description="IMPROVE PERFORMANCE OF BEAN CREATION TO REDUCE STUCK THREADS WHEN DATABASE IS SLOW OR DOWN" number="27234961"/>
        <bug description="Fix for Bug 25993295" number="25993295"/>
        <bug description="Fix for Bug 27948303" number="27948303"/>
        <bug description="PASTE CONFIG FOR 12.2.1 SOA, OSB FAILED WITH CIE ERRORS WHILE UNPACKING DOMAIN" number="26769768"/>
        <bug description="Fix for Bug 26439373" number="26439373"/>
        <bug description="FIXED AN ISSUE WHERE HTTPURLCONNECTION.GETERRORSTREAM() WAS RETURNING NULL FOR A 401 RESPONSE" number="20952741"/>
        <bug description="FIXED AN ISSUE THAT WOULD PREVENT THE EMBEDDEDSERVER TO START" number="27565682"/>
        <bug description="Fix for Bug 26608537" number="26608537"/>
        <bug description="FIXED AN ISSUE WHERE IT WASN'T POSSIBLE TO PROVIDE INDIRECT TRANSACTION PROPAGATION BETWEEN SERVERS THAT ARE ON DIFFERENT NETWORKS" number="25987400"/>
        <bug description="FIXED A NULLPOINTEREXCEPTION CONDITION THAT MAY OCCUR WHEN TRYING TO ACTIVATE AN APPLICATION" number="26806438"/>
        <bug description="FIXED AN ISSUE WHERE THE PREDICATES OF THE DEFAULT PROVIDERS WERE NOT BEING DISPLAYED" number="26885274"/>
        <bug description="FIXED A DEADLOCK CONDITION WITH MBEANSERVERCONNECTIONMANAGER" number="26835012"/>
        <bug description="FIXED AN ISSUE WHERE AN EXPLODED GAR FILE DEPLOYMENT WOULD STOP WORKING AFTER APPLYING PSU 12.1.3.0.170117" number="26038824"/>
        <bug description="FIXED AN ISSUE WHERE A STUCK THREAD COULD OCCUR AT WEBLOGIC.CLUSTER.REPLICATION.REPLICATIONMANAGER" number="23304470"/>
        <bug description="FIXED AN ISSUE WHERE CERTGEN WAS FAILING WITH JDK8 CPU (180161, B04, B05, B06)" number="27117282"/>
        <bug description="FIXED SEVERAL ISSUES WITH SERVER TO SERVER JMX RESILIENCY" number="23049601"/>
        <bug description="FIXED AN ISSUE WHEREIN DOMAINRUNTIME.GETSERVERRUNTIME()WOULD TIME OUT ON A SLOW NETWORK" number="26589850"/>
        <bug description="FIXED AN ISSUE WHERE A JAVA.LANG.STRINGINDEXOUTOFBOUNDSEXCEPTION CAN OCCUR" number="26985581"/>
        <bug description="FIXED AN ISSUE WHERE FLUCTUATION IN THE NETWORK CONNECTION BETWEEN THE ADMIN AND MANAGED SERVER COULD CAUSE A PERMANENT DISCONNECT BETWEEN THE TWO" number="25750303"/>
        <bug description="Fix for Bug 26547016" number="26547016"/>
        <bug description="FIXED AN ISSUE WITH THE WSDLREADER" number="27111664"/>
        <bug description="FIXED AN ISSUE WHERE A PARTIAL REDEPLOYMENT OF A WEBSERVICE APP WAS FAILING WITH A FILENOTFOUNDEXCEPTION" number="25205507"/>
        <bug description="CORRECT A PATCH ISSUE DISCOVERED IN QA" number="26797049"/>
        <bug description="FIXED AN ISSUE WHERE THE CUSTOM DECURITY ELEMENT WOULD DISAPPEAR AFTER EXTENDING THE WLS DOMAIN" number="20952475"/>
        <bug description="Fix for Bug 19763916" number="19763916"/>
        <bug description="FIXED AN ISSUE WHERE AN EJB DEPLOYMENT WAS FAILING WITH A STRINGINDEXOUTOFBOUNDSEXCEPTION" number="22690676"/>
        <bug description="FIXED AN ISSUE WHERE A DEADLOCK OCCURRED ON AN AGL DATASOURCE DURING A DB FAILOVER" number="24618043"/>
        <bug description="FIXED A NULLPOINTEREXCEPTION THAT OCCURRED IN STRESS TESTING" number="24376591"/>
        <bug description="FIXED AN IIOP CLASSCASTEXCEPTION THAT OCCURRED AFTER A MANAGED SERVER RESTART WHEN AN IIOP APPLICATION WAS DEPLOYED" number="25355394"/>
        <bug description="FIXED AN ISSUE WHERE IF THE JNDI TREE LOOKUP IS LOCKED WITH A SECURITY POLICY GRANTING ACCESS TO USER WITH ADMIN ROLE, A USER WITH MONITOR ROLE WAS UNABLE TO ACCESS THE SERVERS PAGE" number="24469063"/>
        <bug description="Fix for Bug 24818026" number="24818026"/>
        <bug description="FIXED AN ISSUE WITH MDB DURABLE SUBSCRIBER NOT RECONNECTING AFTER MANUAL MIGRATION" number="18854885"/>
        <bug description="Fix for Bug 26144830" number="26144830"/>
        <bug description="FIXED AN ISSUE WHERE THE @POSTCONSTRUCT ANNOTATION WAS IGNORED IN POJO JAX-WS WHEN CDI IS ENABLED" number="19828316"/>
        <bug description="FIXED AN ISSUE WITH PROGRAMMING CONTEXT PROPAGATION NOT WORKING WITH ASYNCHRONOUS EJB" number="21270142"/>
        <bug description="Fix for Bug 26044754" number="26044754"/>
        <bug description="FIXED AN ISSUE WHERE A MULTI DATA SOURCE FAILBACK/FAILOVER CALLBACK HANDLER WAS NOT BEING CALLED" number="21241854"/>
        <bug description="FIXED A CONTENT-LENGTH EXCEPTION THAT WAS OCCURRING WITH STATIC FLASH RESOURCES" number="26596622"/>
        <bug description="FIXED A MEMORY LEAK IN WELDINJECTIONCONTAINER THAT WAS EVIDENT IN STRESS TESTING" number="22083678"/>
        <bug description="FIXED AN OUTOFMEMORY CONDITION THAT OCCURRED IN STRESS TESTING" number="18746053"/>
        <bug description="FIXED AN ISSUE WHERE A CONNECTION.ISCLOSED() CALL RETURNED FALSE WHEN THE REAL CONNECTION HAD BEEN CLOSED" number="21562338"/>
        <bug description="FIXED AN ISSUE WHERE UNIT-OF-WORK MESSAGES ARRIVING AFTER THE INCOMPLETE WORK EXPIRATION TIMER HAS EXPIRED WERE LEFT PENDING IN THE QUEUE" number="22746640"/>
        <bug description="FIXED AN ISSUE WHERE AN UNNECESSARY WRAPPER POOL SHUTDOWN WAS BEING CALLED ON THE CONNECTION EXCEPTION LISTENER DUE TO TRANSACTION TIMEOUT" number="20047315"/>
        <bug description="FIXED AN ISSUE WHERE WLS ACTING AS A CLIENT DOESN??T SUPPORT SNI" number="19926398"/>
        <bug description="FIXED A MEMORY LEAK IN WEBLOGIC.WSEE.JAXWS.OWSM.WSDLDEFINITIONFEATURE" number="21549018"/>
        <bug description="FIXED AN ISSUE WHERE A WEBSERVICE WITH A JMSTRANSPORT APPLICATION IS DEPLOYED ON ONE SERVER AND JMS RESOURCES WERE DEPLOYED ON ANOTHER, THE DURABLE SUBSCRIBERS WERE CREATED WITH DIFFERENT NAMES EACH TIME THE APPLICATION WAS RESTARTED" number="20162146"/>
        <bug description="FIXED AN ISSUE WHERE A SERVLET WOULD FAIL WITH AN IOEXCEPTION" number="20774032"/>
        <bug description="FIXED AN ISSUE WHERE CMO.GETMACHINES WAS NOT SHOWING UNIX MACHINES" number="25917709"/>
        <bug description="FIXED AN ISSUE WHERE JTA JDBC TLOG FLUSH I/O FAILURES WERE BEING PREMATURELY DETERMINED TO BE FATAL" number="26632886"/>
        <bug description="FIXED AN ISSUE WHERE RANDOM MANAGED SERVERS WOULD SHOW AS NOT REACHABLE IN THE CONSOLE" number="25439226"/>
        <bug description="FIXED AN ISSUE WHERE USING WLST OFFLINE CREATE GROUPPARAMS RETURNED AN UNUSABLE CMO" number="26563889"/>
        <bug description="FIXED AN ISSUE WHERE THE MANAGED SERVER COULD NOT BE RESTARTED WHERE AN IIOP APPLICATION IS DEPLOYED" number="25174732"/>
        <bug description="FIXED AN OUTOFMEMMORY CONDITION THAT COULD OCCUR WITH A RESTART-IN-PLACE MIGRATION" number="21748022"/>
        <bug description="ISSUES IN VERIFYING THE FIX FOR THE BUG 26630389" number="26861216"/>
        <bug description="FIXED AN ISSUE WHERE A VERSIONED EJB APP, AFTER CLOSING A FOREIGN JMS SESSION, COULD CORRUPT THE CLUSTERED JNDI TREE" number="18597348"/>
        <bug description="FIXED AN ISSUE WHERE STATIC FLASH RESOURCES WERE NOT BEING LOADED" number="23342794"/>
        <bug description="Fix for Bug 25823774" number="25823774"/>
        <bug description="FIXED AN ISSUE WHERE IT WAS NOT POSSIBLE TO RESET THE OFFLINE COLLECTION FIELDS TO NONE/EMPTY" number="25695948"/>
        <bug description="FIXED AN ISSUE WHERE A DOMAIN UPGRADE WOULD FAIL IF THE JMS FILESTORE NAME WAS CHANGED IN THE CONFIG WIZARD WHEN THE DOMAIN WAS CREATED" number="20969389"/>
        <bug description="FIXED AN ISSUE WHERE BEA-149265 J2EE 160241 ERROR OCCURS WITH RESOURCE INJECTION IN EJB" number="25955347"/>
        <bug description="FIXED AN ISSUE WHERE A JMS NAMENOTFOUNDEXCEPTION OCCURS AS A RESULT OF A MIS-CONFIGURATION RE-TARGETING" number="20432957"/>
        <bug description="FIXED AN ISSUE WHERE A CONNECTION RESET WITH DATA STILL IN THE RESPONSE BUFFER WOULD CAUSE SOCKET LEAKS" number="21902034"/>
        <bug description="FIXED AN ISSUE WHERE PENDING TASKS WERE NOT BEING PROCESSED EVEN THOUGH THERE WERE IDLE THREADS AVAILABLE" number="24341200"/>
        <bug description="FIXED AN ISSUE WHERE LOG OUTPUT WAS NOT OCCURRING DURING SERVER MIGRATION" number="18387934"/>
        <bug description="REMOVED UNUSED CAS FROM DEMOTRUST" number="21652727"/>
        <bug description="Fix for Bug 25720769" number="25720769"/>
        <bug description="FIXED AN ISSUE WHERE A JMS QUEUE NAME WAS BEING DUPLICATED CAUSING THE RECONFIG WIZARD TO FAIL" number="21225816"/>
        <bug description="FIXED AN ISSUE WHERE AN APPLICATION-SCOPED WORK MANAGER WAS NOT BEING RECOGNIZED BY THE CONSOLE" number="20256190"/>
        <bug description="FIXED AN ISSUE WHERE CHANGEAWARECLASSLOADER.GETRESOURCES() WAS RETURNING DIFFERENT CONTENT FROM CHANGEAWARECLASSLOADER.GETRESOURCE() RESULT" number="24837293"/>
        <bug description="FIXED AN ISSUE WHERE AN OUTOFMEMORY ERROR WOULD OCCUR WHEN STDOUT WAS REDIRECTED TO THE SERVER LOG" number="16956849"/>
        <bug description="FIXED AN ISSUE WHERE THE CDI INTERCEPTORS OF A DEPLOYED APPLICATION WERE BEING CALLED TWICE" number="21347054"/>
        <bug description="FIXED AN ISSUE WHERE RESOURCE INJECTION OF DESTINATION WITHOUT JNDI NAME FAILED TO DEPLOY" number="25375968"/>
        <bug description="FIXED AN ISSUE WHERE CLICKING THE WEBSERVICE TEST LINE IN PRODUCTION MODE WOULD THROW AN MALFORMEDURLEXCEPTION" number="25522149"/>
        <bug description="Fix for Bug 24533963" number="24533963"/>
        <bug description="FIXED AN ISSUE WHERE IT WAS NOT POSSIBLE TO HAVE A SAFAGENT AS A TARGET OF A SUBDEPLOYMENT IN WLST OFFLINE" number="24802574"/>
        <bug description="FIXED AN ISSUE WHERE A 403 ERROR WOULD OCCUR WHEN ACCESSING AN APP DEPLOYED WITH 'UPLOAD YOUR FILE(S)' LINK" number="19175526"/>
        <bug description="FIXED AN ISSUE WHERE THE PRESENCE OF / BEFORE THE ?WSDL AT THE END OF A URL WAS NOT RECOGNIZING THE WEBSERVICE" number="22586217"/>
        <bug description="Fix for Bug 25743025" number="25743025"/>
        <bug description="ALLOW A SERVER TO BOOT EVEN IF THE DIAGNOSTIC STORE COULD NOT BE OPENED" number="21562704"/>
        <bug description="FIXED AN ISSUE WHERE QUEUE FORWARDING FAILED AFTER JMS WAS RESTARTED AND CONTINUED TO LOG 'DESTINATION NOT FOUND' ERRORS" number="19721047"/>
        <bug description="Fix for Bug 25743005" number="25743005"/>
        <bug description="FIXED AN ISSUE WHERE AN OUTOFMEMORY CAN OCCUR WHEN CREATING MANY JMX CONNECTIONS" number="24828619"/>
        <bug description="FIXED AN ISSUE WHERE TNS-STYLE CONNECT DESCRIPTORS WERE NOT BEING RECOGNIZED AS THEY ARE IN WLST ONLINE" number="22540656"/>
        <bug description="FIXED AN ISSUE WHERE GETUSERPRINCIPAL() WAS RETURNING NULL AFTER THE USER WAS SUCCESSFULLY AUTHENTICATED" number="20207088"/>
        <bug description="FIXED AN ISSUE WHERE THE LAST DIRECTORY IN THE PATH SPECIFIED WAS GETTING STRIPPED OFF WHEN CREATING JMS FILESTORES" number="18485034"/>
        <bug description="FIXED AN ISSUE WHERE THE JACC POLICY WAS NOT SET UP CORRECTLY WHEN CALLING AN EJB FROM SERVLET.INIT" number="26144926"/>
        <bug description="FIXED AN ISSUE WHERE WEBLOGIC CLUSTERING WAS NOT WORKING WITH IIOP PROTOCOL" number="25118289"/>
        <bug description="FIXED AN ISSUE WHERE UNSUPPORTEDOPERATIONEXCEPTION IS THROWN VIA APPLICATIONACCESS.GETAPPLICATIONIDFROMJNDI" number="20629733"/>
        <bug description="FIXED AN ASSERTIONERROR THAT THAT WAS OCCURRING DURING AN EJB'S INITIALIZATION WITH CDI" number="20197139"/>
        <bug description="REMOVED UNUSED CAS FROM DEMOTRUST" number="25534314"/>
        <bug description="Fix for Bug 25577947" number="25577947"/>
        <bug description="FIXED AN ISSUE WHERE JAVAX.WSDL CLASSES WERE NOT BEING LOADED FROM A WEB APPLICATION" number="24399682"/>
        <bug description="Fix for Bug 24817968" number="24817968"/>
        <bug description="Fix for Bug 23099318" number="23099318"/>
        <bug description="THE APPLICATION STAGING MODE AND PLANT STAGING MODE SHOULD BE INDEPENDENT." number="22383225"/>
        <bug description="THE ERROR ORA-01017  INVALID USERNAME/PASSWORD OCCURS WHILE TRYING TO CHANGE THE PASSWORD FOR DATA SOURCE." number="23326877"/>
        <bug description="THERE IS AN ISSUE WITH CLIENT IDENTIFY MANAGEMENT UNDER PARALLEL CONDITION. THE JAVA.LANG.ILLEGALSTATEEXCEPTION IS THROWN." number="22107941"/>
        <bug description="SNI SERVLET INVOCATION THROWS A HOSTNAME VERIFICATION ERROR AND FETCHES THE WRONG SSL CERTIFICATE WHILE USING WEBLOGIC SERVER HTTP CONNECTION." number="22759067"/>
        <bug description="DISABLED SMTP NOTIFICATION CAUSES SERVER TO START IN ADMIN STATE." number="25590885"/>
        <bug description="SAML IDENTITY PROVIDER DID NOT PROCESS JMS DEVELOPED USING SOAP." number="19170125"/>
        <bug description="DEADLOCK AROUND JAVA.LANG.CLASSLOADER.GETCLASSLOADINGLOCK." number="22901740"/>
        <bug description="ACCESS.LOG WAS NOT GETTING UPDATED AFTER MANAGED SERVER WAS SUSPENDED AND RESTARTED." number="19549507"/>
        <bug description="AN ERROR UNSUPPORTED MULTI DATASOURCE OCCURRED WHILE UPGRADING TO WEBLOGIC SERVER 12.1.3." number="19865550"/>
        <bug description="WHEN CONFIGURING WATCHES AND NOTIFICATIONS IN OFFLINE MODE, WHILE CREATING THE DOMAIN, THE GENERATED WLDFSYSTEMMODULE XML FILE IS INCORRECT." number="25192229"/>
        <bug description="NPE WHEN DESTROYING INSTANCE OF MESSAGEDRIVEN BEAN (MDB)." number="20311530"/>
        <bug description="WEBLOGIC.WSEE.DEPLOY.APPDEPLOYMENTEXTENSIONFACTORY FAILS TO PREPARE THE MODULES FOR REDEPLOYMENT." number="22950801"/>
        <bug description="CREATING A DOMAIN USING WLST COMMANDS RESULTED IN INCORRECT JMS SERVER NAME IN MOST OF THE INVOCATIONS." number="19565095"/>
        <bug description="THE ERROR SERVLET THAT HANDLED ERRORS IN WEBAPP, DID NOT HAVE ACCESS TO CLASSES IN WEBAPP." number="20430490"/>
        <bug description="THOUGH WEBLOGIC SERVER SUPPORTS MORE THAN ONE WLDF MODULE TARGETED TO THE SAME SERVER/CLUSTER, AN ERROR OCCURS WHEN TRYING TO TARGET THE SECOND (AND SUBSEQUENT) WLDF MODULES." number="25164167"/>
        <bug description="SOME OF THE NODE MANAGER PROPERTIES COULD NOT BE SET USING WLST COMMANDS IN OFFLINE MODE." number="19234430"/>
        <bug description="THE ERROR JAVAX.NAMING.NAMENOTFOUNDEXCEPTION OCCURRED WHILE RESTARTING WEBLOGIC SERVER AFTER DEPLOYING SHARED EE LIBRARIES." number="20193085"/>
        <bug description="EJB IN MDB DOES NOT WORK WHEN BEANS.XML IS PRESENT." number="21081720"/>
        <bug description="A JAVA.LANG.NULLPOINTEREXCEPTION ERROR OCCURS WHEN SERVER CALLS AN RMI OBJECT ON A CLIENT." number="25317743"/>
        <bug description="THERE WAS AN ISSUE IN THE COM.TANGOSOL.NET.CACHEFACTORY.GETCACHE LEADING TO AN INCREASED MEMORY AND CPU CONSUMPTION." number="21158132"/>
        <bug description="Fix for Bug 25059150" number="25059150"/>
        <bug description="REGISTRYDOCUMENTBUILDERFACTORY DROPS PARSER FEATURES" number="20671165"/>
        <bug description="THE HTTPCLUSTERSERVLET INCORRECTLY HANDLE EXCEPTIONS WHILE FLUSHING CHUNKED DATA." number="23555480"/>
        <bug description="WHEN A SERVLET IS INVOKED AND ABRUPTLY THE REQUEST ENDS. A PROTOCOLEXCEPTION SHOULD BE THROWN. HOWEVER, AN NPE ERROR IS THROWN." number="20717353"/>
        <bug description="ERROR 160241 OCCURS WHEN RESOURCE INJECTION EXISTS IN EJB." number="25497443"/>
        <bug description="WHEN USING WLDEPLOY TASK TO DEPLOY APPLICATION ON A JACC ENABLED WEBLOGIC SERVER, THE ERROR NOCLASSDEFFOUNDERROR  COULD NOT INITIALIZE CLASS WEBLOGIC.UTILS.CLASSFILTER WAS DISPLAYED." number="22261241"/>
        <bug description="AUTOMATIC SERVICE MIGRATION (ASM) CAN LOOP IF THE SERVICE START TIME IS LARGER THAN THE CLUSTER HEARTBEAT TIMEOUT." number="18974055"/>
        <bug description="APPLICATION RUNTIME STATE IS INTERMITTENTLY RETURNING UNEXPECTED RESULTS." number="21189073"/>
        <bug description="WEBLOGIC.NET.HTTPURLCONNECTION WITH CONNECTION AND READ TIMOUTS SET IS USED TO CONNECT OVER PROXY. THE CONNECTION DOES NOT TIMEOUT." number="20157787"/>
        <bug description="Fix for Bug 23733891" number="23733891"/>
        <bug description="JACC POLICY IS NOT SETUP WHEN CALLING EJB FROM SERVLET.INIT IN SAME EAR." number="21119215"/>
        <bug description="THE TENANTSERVLETFILTER PREVENTED THE OWSM AUTHENTICATION POLICY ENFORCEMENT; THIS HAS BEEN FIXED" number="20205647"/>
        <bug description="APPLICATION BREAKS AFTER APPLYING OCTOBER 2016 PSU DUE TO MULTIPART FORM-DATA." number="25029531"/>
        <bug description="INTERNAL CDI HANDLING IS CALLED EVEN WHEN JSP DOES NOT RELATE TO CDI." number="22987229"/>
        <bug description="A WEBLOGIC JMS CLIENT INTERMITTENTLY GENERATES A JAVA.LANG.ASSERTIONERROR  RESTARTING A CONSUMER THAT WAS NOT STOPPED, WHEN CONSUMING FROM A DURABLE SHARED SUBSCRIPTION. MESSAGES CAN SUBSEQUENTLY ACCUMULATE ON THE SUBSCRIPTION IF THE SUBSCR" number="22749253"/>
        <bug description="SOMETIMES, SOCKET PROCESSING IS UNSTABLE UNDER DEVPOLLSOCKETMUXER AND ASYNC HTTPCLIENT REQUEST." number="19472793"/>
        <bug description="@JMSTRANSPORTSERVICE IGNORES JNDIURL - ALWAYS USES LOCAL." number="17889922"/>
        <bug description="Fix for Bug 24305841" number="24305841"/>
        <bug description="FIX FOR INACTIVE CONNECTION TIMEOUT DOES NOT WORK IN WLS12.1.3, ASSOCIATED TESTS ARE FAILING." number="23640078"/>
        <bug description="ELF(I.E EXTENDED LOG FILE) HEADER WILL BE NOT ADDED AFTER ROTATION OF ACCESS.LOG." number="20692185"/>
        <bug description="SYSTEM PROPERTY ADDED TO ALLOW A USER TO RESTORE THE VERSION RECORD TO A JDBC STORE WHEN IT IS MISSING." number="22836462"/>
        <bug description="NPE IN SERVLETRESPONSEIMPL.SETSESSIONCOOKIE IN XA STRESS TEST." number="23063611"/>
        <bug description="UNABLE TO LOGIN TO CONSOLE WITH MONITOR ROLE USER." number="22860104"/>
        <bug description="CONCURRENTMODIFICATIONEXCEPTION WHILE ITERATIONS THROUGH RESULTS OF WORK MANGER." number="19150684"/>
        <bug description="WLS BUG FOR INCLUSION OF CIE BUG FIX" number="24522430"/>
        <bug description="Fix for Bug 23732201" number="23732201"/>
        <bug description="IF LISTENADDRESS IN CUSTOM NETWORK CHANNELS IS NULL, LISTENADDRESS IS NOT GENERATED FROM NODEMANAGER'S LISTENADDRESS. IT'S DIFFERENT FROM DEFAULT CHANNEL'S BEHAVIOR." number="19775778"/>
        <bug description="Fix for Bug 23223461" number="23223461"/>
        <bug description="JMX CONNECTION OVER IIOP BROKEN ON SRC103600FABP WITH JDK6 AND 7." number="23735210"/>
        <bug description="SOAEDGE12  WSMPM JDBC TRANSACTION LOG UNRECOVERABLE WITH RAC DB RESTART" number="21834255"/>
        <bug description="Fix for Bug 23103220" number="23103220"/>
        <bug description="RT.JAR PROVIDES REPACKAGED ORG.APACHE CLASSES LIKE COM.SUN.ORG.APACHE.*, THESE CLASSES CAN BE LOADED FROM CHILD CLASSLOADER WHEN PREFER-WEB-INF-CLASSES IS TRUE." number="22999996"/>
        <bug description="RMI TIMEOUT DOES NOT WORK IF IT'S SPECIFIED ON HASH TABLE OF INITIALCONTEXT." number="22850769"/>
        <bug description="SESSION LEAK - SESSIONS ARE NOT BEING DESTROYED AFTER SESSION TIMEOUT" number="18438079"/>
        <bug description="FIXES REPEATED BEA-000192 'A RUNNING SERVER WAS NOT FOUND TO HOST TIMER MASTER' MESSAGES" number="22486599"/>
        <bug description="RESOLVED ISSUE WITH GETTING DEFAULT USER PASSWORD." number="22900750"/>
        <bug description="INTERCEPTORS ARE NOT CALLED ON PARTITION RESTART AFTER ITS SHUTDOWN" number="20419243"/>
        <bug description="WLST DOES A LOOKUP OF URL AND PUTS IP IN HTTP HEADER HOST FIELD INSTEAD." number="22541225"/>
        <bug description="FIXED AN ISSUE WHERE A NULLPOINTEREXCEPTION IS ENCOUNTERED WHEN TRYING TO ACCESS APPLICATION CACHE FROM CONSOLE." number="20739167"/>
        <bug description="TIMER STOPS AFTER TIMERMASTER MIGRATION ERROR." number="22829635"/>
        <bug description="Fix for Bug 23004029" number="23004029"/>
        <bug description="Fix for Bug 22836557" number="22836557"/>
        <bug description="RESOLVED ISSUE WITH INVALIDATED SESSIONS" number="20736912"/>
        <bug description="FIXED A CASE WHERE A HANGING APPLICATION XA DBMS CALL COULD BLOCK SYSTEM THREADS FROM ABORTING THE TRANSACTION." number="19150123"/>
        <bug description="CHANGE THE DEFAULT FOR RESTORING VERSION RECORD." number="22910817"/>
        <bug description="DESTROYING AN APP-SCOPED WORK MANAGER PROPERTY DOES NOT WORK" number="21647599"/>
        <bug description="REQUEST.GETPARAMETERMAP() OR REQUEST.GETPARAMETER()RETURNS PARAMETERS NOT CORRECTLY DECODED." number="18144979"/>
        <bug description="TRACKING BUG TO CONSUME JRF WEB SERVICES FIXES FOR 22551755 INTO WLS PSUS." number="24750930"/>
        <bug description="WHEN A WEBSERVICE WITH JMSTRANSPORT APPLICATION IS DEPLOYED ON SERVER A AND JMS RESOURCES CONFIGURED ON A DIFFERENT SERVER, GIVES NULL POINTER EXCEPTIONS.THIS IS FIXED NOW." number="18806464"/>
        <bug description="12C CAN NOT SOLVE AMBIGUOUS EJB-LINK IN CASE MULTIPLE SAME EJB-NAME EXISTS IN SAME APPLICATION." number="21545042"/>
        <bug description="REDUNDANT ENORMOUS LOOPS DURING DEPLOYMENT WHEN USING WAR INCLUDING A LOT OF EJBS." number="20585084"/>
        <bug description="WHEN RUNNING WITH THE 12.X DATABASE DRIVER, SERVICE NAMES WERE NOT BEING HANDLED CORRECTLY SO UP/DOWN EVENTS WERE NOT RECEIVED. THIS HAS BEEN CORRECTED." number="22249331"/>
        <bug description="POOR JDBC STORE PERFORMANCE WHEN CONN CACHING POLICY=NONE" number="22550116"/>
        <bug description="INTERMITTENT 500 ERRORS RESULTING FROM  ILLEGALSTATEEXCEPTION  HTTP SESSION IS INVALIDATION." number="20062321"/>
        <bug description="PERSISTENTUNIT ANNOTATION IN SINGLETONBEAN DOES NOT WORK" number="21603584"/>
        <bug description="FIXED A FEW CASES WHERE A LEAKED POOL CONNECTION WAS NOT RETRACTED VIA THE INACTIVE CONNECTION TIMEOUT." number="21964759"/>
        <bug description="'JSP_SERVLET'WAS DELETED WHEN THE SERVER WAS STOPPED USING STOPMANAGEDWEBLOGIC SCRIPT." number="20226151"/>
        <bug description="DEPLOYMENT PLAN DOES NOT ALWAYS WORK FOR VIRTUAL DIR REPLACEMENT" number="20672949"/>
        <bug description="Fix for Bug 23107300" number="23107300"/>
        <bug description="WEBAPP URIS ARE NOW ENCODED." number="22097019"/>
        <bug description="MANAGEMENT EXCEPTION IS THROWN WHILE ACTIVATING THE CHANGES AFTER SETTING THE CUSTOM CLUSTER CONFIGURATION FILE." number="19463153"/>
        <bug description="TIMER EJB WILL STOP WHEN TIMER EXPIRATION IS SUCCESS AND PREVIOUS TIMER EXPIRATION IS FAILED." number="19689036"/>
        <bug description="NAMEALREADYBOUNDEXCEPTION WHILE DEPLOYING APPLICATION ON WLS 12.1.3" number="20783846"/>
        <bug description="STRESS INTERMITTENT STORE HEALTH ISSUE IN XA STRESS TEST WHEN USING JDBC STORE." number="22378134"/>
        <bug description="Fix for Bug 22599178" number="22599178"/>
        <bug description="Fix for Bug 19947189" number="19947189"/>
        <bug description="Fix for Bug 23099223" number="23099223"/>
        <bug description="OPTIONALLY REDUCE JDBC STORE CONNECTION USAGE TO 1 PER STORE." number="21836275"/>
        <bug description="INJECT ANNOTATION DOESN'T WORK AT DEFAULT INTERCEPTOR DEFINED AT EJB-JAR.XML." number="20220959"/>
        <bug description="PRODUCER RECEIVES INVALIDDESTINATIONEXCEPTION AFTER SAF AGENT MIGRATION." number="16815912"/>
        <bug description="FIXED A CASE WHERE A MULTIDATASOURCE WITH RAC LLR DSES FAILED TO BOOT IF ALL DSES WERE NOT UP." number="20246732"/>
        <bug description="RESOURCE POOL HITTING MAX CAPACITY ON UNEXPECTED EXCEPTIONS FROM THE ADAPTER LAYER." number="19467894"/>
        <bug description="GETTING STUCK THREAD WHEN LOOP TO RETRY FOR CONSECUTIVE UNEXPECTED EXCEPTION IN THE MESSAGEPOLLER." number="22574362"/>
        <bug description="WRONG NUMBER OF CONSUMERS IF CUSTOM WORK MANAGER IS USED AS DISPATCH POLICY FOR A MDB DEPLOYED AS VERSIONED APPLICATION." number="20080046"/>
        <bug description="WEBLOGIC HTTP SESSIONS NOT CLEARED AFTER MAX INACTIVE INTERVAL WHEN WEBSOCKET CONNECTIONS ARE ABRUPTLY CLOSED." number="21522926"/>
        <bug description="JSP COMPILATION ERROR WHEN TAG FILE CONTAINS RECURSION.THE ERROR HAPPENS WHEN TAG FILE IS RECOMPILED AFTER A CHANGE TO TAG FILE. DUPLICATE MEMBER VARIABLES AND SETTER AND GETTER METHODS FOR JSPCONTEXT GENERATED." number="19986568"/>
        <bug description="FIXED WINDOW FOR DEADLOCK DURING AUTOMATIC ROLLBACK." number="20551651"/>
        <bug description="MEMORY LEAK OBSERVED WHEN USING WEBLOGIC DEPLOYMENT API IN WEBLOGIC.MANAGEMENT.DEPLOY.DEPLOYMENTTASKRUNTIME" number="18123824"/>
        <bug description="THE SERVER RETURNS HTTP 413 BUT IT HANGS WITH THE CLIENT WHEN THE CLIENT POSTS DATA OVER THE DEFINED 'MAX POST SIZE' VALUE." number="21294990"/>
        <bug description="PSR  PERFORMANCE PAAS OPTIONALLY REDUCE JDBC AND TLOG STORE CACHED CONN FROM 2 TO 0" number="21947902"/>
        <bug description="AUTO-ONS WAS NOT FUNCTIONING CORRECTLY. THIS HAS BEEN CORRECTED." number="20907322"/>
        <bug description="WHEN AQJMS AS THE JMS PROVIDER FOR MDB IN SYNC MODE, ALLOW MDB CONTAINER TO USE MESSAGECONSUMER.RECEIVENOWAIT() TO OPTIMIZE AQJMS DEQUEUE PERFORMANCE." number="21561271"/>
        <bug description="Fix for Bug 22666897" number="22666897"/>
        <bug description="WEBLOGIC 12C USES VIRTUAL IP-ADDR INSTEAD OF PRIMARY IP-ADDR FOR T3S" number="21129379"/>
        <bug description="THIS FIX ENABLES THE DEFAULT HOST NAME VERIFIER IN WEBLOGIC TO PROCESS WILD-CARD DNS NAMES CONTAINED IN THE SSL CERTIFICATE'S SAN EXTENSION." number="20128089"/>
        <bug description="THREAD CONTENTION WAS SEEN DURING VERY HIGH LOAD." number="20720853"/>
        <bug description="SETS THE RJVM'S USER CREDENTIALS WHEN CREATING OUTBOUND REQUESTS" number="18559995"/>
        <bug description="WHEN AN INSTANCE DOWN EVENT OCCURS, WLS WILL NOT TAKE ANY DATABASE ACTION THE CONNECTION EXCEPT TO CLOSE IT." number="19263075"/>
        <bug description="LOGGING THE STRESS WLS EXCEPTION EXCEPTION IS DELAYED WHEN SERVLETREQUEST.GETPART() OR GETPARTS() IS INVOKED." number="19425078"/>
        <bug description="NEED FOR EARLY MAKING OF POOL CONNECTIONS HAS BEEN REMOVED WHEN EM ASKS FOR DATA ABOUT THE DATASOURCE." number="20721340"/>
        <bug description="CDI INJECTION INTO CUSTOM CONSTRAINTVALIDATOR IMPLS WORKS WHEN THE BINDING OF THE VALIDATORFACTORY IN THE APPLICATIONCONTEXT DURING DEPLOYMENT FOR JSF APPLICATIONS IS DISABLED." number="20087183"/>
        <bug description="UNABLE TO MAKE OUTBOUND SSL ASYNC CALL WHEN CONNECTION TIMEOUT IS SET." number="20044804"/>
        <bug description="Fix for Bug 14236278" number="14236278"/>
        <bug description="WHEN CALLING DIFFERENT MODULES, JACC SECURITY CONTEXT DOES NOT PUSH AND POP IN POLICYCONTEXT." number="21083766"/>
        <bug description="UNABLE TO OVERRIDE THE POLICY UNDER DOMAIN RUNTIME MBEAN." number="20786128"/>
        <bug description="Fix for Bug 22498352" number="22498352"/>
        <bug description="JDBC TLOG TIMEOUT BEFORE TLOG FAIL NOT HONORED." number="22100830"/>
        <bug description="BUNDLE DEFINED AT &amp;lt;WL-EXTENSION BUTTON-BAR&amp;gt; OR &amp;lt;WL-EXTENSION BUTTON-BAR &amp;gt; LEVEL, IS NOT TAKEN INTO CONSIDERATION IN AN ADMIN CONSOLE EXTENSION" number="20758488"/>
        <bug description="THE DEPLOYMENT OF THE SECOND STAND-ALONE MULTI-SOURCE IS FIXED BY DEPLOYING MULTIPLE MULTIDATASOURCES AT THE APPLICATION LEVEL." number="21039390"/>
        <bug description="Fix for Bug 22049932" number="22049932"/>
        <bug description="APPLICATION CONTINUITY ON A JTS OR XA CONNECTION HAS BEEN FIXED." number="19477196"/>
        <bug description="Fix for Bug 22339918" number="22339918"/>
        <bug description="Fix for Bug 21519519" number="21519519"/>
        <bug description="A NULLPOINTEXCEPTION IS THROWN WHEN RUNNING SAMPLE SERVLET ASYNCCONTEXT COMPLETE IS CALLED RIGHT AFTER ASYNC START AND THE REQUEST IS OCCURS." number="19212729"/>
        <bug description="KEY FILES CREATED IN WLST DIRECTORY ARE DELETED AUTOMATICALLY." number="19928803"/>
        <bug description="NEEDS PRIVILEGED BLOCK WHILE ACCESSING ACCESSCLASSINPACKAGE.COM.SUN.PROXY." number="19790693"/>
        <bug description="Fix for Bug 21516492" number="21516492"/>
        <bug description="WLS LACKS PRIVILEGED BLOCKED AT WEBLOGIC.APPLICATION.IO.MERGEDDESCRIPTORFINDER." number="20229977"/>
        <bug description="Fix for Bug 22200449" number="22200449"/>
        <bug description="Fix for Bug 22200523" number="22200523"/>
        <bug description="Fix for Bug 22175246" number="22175246"/>
        <bug description="WEBLOGIC SERVER IS UNABLE TO START WITH EM APPLICATION AS A SCAN IS PERFORMED AND IF THERE ARE ANY CORRUPTED DEAD CODE OR CLASSES IN THE EXISTING APPLICATION, THE DEPLOYMENT FAILS." number="19703527"/>
        <bug description="Fix for Bug 21495475" number="21495475"/>
        <bug description="Fix for Bug 22248079" number="22248079"/>
        <bug description="LOCALE CHANGES ARE NOT PROPERLY DETECTED AS CHANGES TO THE BROWSER'S LOCALE IS NOT REFLECTED PROPERLY IN REQUEST.GETLOCALE VALUE." number="19879223"/>
        <bug description="NMSERVERSTATUS SOMETIMES OVERRIDES SERVERMONITOR STATEINFO AS NMSERVERSTATUS SHOWS INCORRECT STATE OF FORCE_SHUTTING_DOWN AFTER FINISHING WLS PROCESS." number="21252292"/>
        <bug description="WEBLOGIC HANGS FOR 40 MINUTES WHILE STARTING UP AS IT SPENDS SOME TIME IN DEPLOYING ONE APPLICATION THAT DEPENDS ON ANOTHER SHARED LIBRARY." number="18836900"/>
        <bug description="ANNOTATION SCAN TAKES LONGER TIME DURING APPLICATION DEPLOYMENT FOR CUSTOMER." number="19883023"/>
        <bug description="WLS LACKS PRIVILEGED BLOCK WHILE CONNECTING TO SERVER DURING SESSION REPLICATION." number="20333386"/>
        <bug description="Fix for Bug 21615827" number="21615827"/>
        <bug description="REFERENCES OF EJNGEN TO SUN.MIRROR.APT ARE UNAVAILABLE IN JDK8." number="18428696"/>
        <bug description="AUTOKILLIFFAILED DOES NOT WORK WHEN SERVER HEALTH STATE IS FAILED BECAUSE THE RESTART-IN-PLACE OPTION IS UNABLE TO EXECUTE WITH MANUAL MIGRATION CONFIGURATION." number="17702917"/>
        <bug description="NULLPOINTEREXCEPTION OCCURS IF CREATECALENDARTIMER IS USED IN CLUSTER SETUP." number="19874466"/>
        <bug description="RESTART SERVICE JOB FAILS INTERMITTENTLY BECAUSE GETTING A WLS SERVER STATUS SOMETIMES FAILS DUE TO ASSERTIONERROR." number="18945422"/>
        <bug description="Fix for Bug 21756751" number="21756751"/>
        <bug description="ACTIVATION PROCESS TIMING OUT WHILE UPDATING THE CUSTOM CERTIFICATE ON ADMIN SERVER AND MANAGED SERVER WITH ALL THE SERVERS ARE LISTENING ON SSL LISTENPORT AND ARE RUNNING." number="19953516"/>
        <bug description="IF A WEB SERVICE WITH STATELESS EJB IS DEPLOYED, IT IS UNABLE TO ACCESS THE WSDL." number="20613957"/>
        <bug description="Fix for Bug 22247869" number="22247869"/>
        <bug description="Fix for Bug 22200594" number="22200594"/>
        <bug description="METHOD _JSPSERVICE EXCEEDS LIMITS OF 65535 BYTES AS JSP COMPILER ENHANCES THE LOGIC OF THE OPTIMIZATION THAT DEFERS THE JVM 64K BYTES LIMITATION IN CASE THERE ARE A LOT OF JSP STANDARD ACTIONS BEING USED IN JSP PAGE." number="17968606"/>
        <bug description="Fix for Bug 22200491" number="22200491"/>
        <bug description="ADMINISTRATION PORT FOR EACH DYNAMIC SERVER IN A DYNAMIC CLUSTER IS NOT CALCULATED AND ASSIGNED THROUGH SERVER TEMPLATE." number="19585666"/>
        <bug description="WHEN REMOTE JMX IS ENABLED IT CAUSES HIGH CPU UTILIZATION AND WHEN IT IS DISABLED CPU UTILIZATION IS NORMAL." number="19668883"/>
        <bug description="UNABLE TO ACCESS THE WSDL FOR THE WEB SERVICE BECAUSE IT IS PROTECTED." number="18082758"/>
        <bug description="NO MESSAGE IN LOGS WHEN WORKMANAGER REACHES MAX CAPACITY CONSTRAINT." number="19917893"/>
        <bug description="IF A TIMER IS CREATED IN POSTCONSTRUCT CALL OF SINGLETON SESSION BEAN USING EJB CLUSTERED TIMER, NULLPOINTEREXCEPTION IS THROWN." number="18722098"/>
        <bug description="NOT ABLE TO TARGET A SUBDEPLOYMENT ONCE JMS RESOURCE HAS BEEN CREATED." number="18466848"/>
        <bug description="HEURISTICHAZARD EXCEPTIONS WHILE MESSAGES ARE FORWARDED TO OTHER UDD MEMBERS." number="19705162"/>
        <bug description="FOR SAMPLES JAVAEE6\JCA\STOCKTRANSACTION, AFTER YOU RUN 'ANT CLEAN BUILD DEPLOY', AT THE DEPLOY PHASE, AN EXCEPTION OCCURS DUE TO WHICH THE .WAR CAN'T DEPLOY SUCCESSFULLY." number="19973098"/>
        <bug description="APPLICATIONACCESS.DIGOUTCURRENTAPPLICATIONID FAILS TO GET APPLICATION AND THROWS UNSUPPORTEDOPERATIONEXCEPTION IF IT'S CALLED FROM TRANSACTION AFTER THE COMPLETION CALLBACK." number="20471785"/>
        <bug description="EJB IN MDB DOES NOT WORK WHEN BEANS.XML IS EXIST." number="19500276"/>
        <bug description="THE FIRST TIME A WEB APPLICATION IS DEPLOYED IN THE PRODUCTION MODE, IT RUNS WITHOUT ISSUES, BUT ONCE THE WEB APPLICATION IS DE-ACTIVATED, AND RE-ACTIVATED FROM THE ADMIN CONSOLE, IT RETURNS THE HTTP CODE '500'." number="20169972"/>
        <bug description="WHEN THE ADMINSERVER IS DOWN, A MANAGED SERVER ON A DIFFERENT HOST STARTS UP CORRECTLY IN MSI MODE. HOWEVER, WHEN IT TRIES TO START PREVIOUSLY DEPLOYED APPLICATIONS, IT TRIES TO DOWNLOAD THEM AGAIN FROM ADMINSERVER WHICH FAILS. THIS CAUSES" number="19917991"/>
        <bug description="CLASSCASTEXCEPTION SEEN WHEN STORING A HANDLE TO AN EJBOBJECT AS A SESSION ATTRIBUTE AND READING IT BACK WITH CASTING BACK TO HANDLE." number="19422493"/>
        <bug description="THE PROBLEM DEALS WITH AN EJB ASYNCHOROUS CALL THROWING AN EXCEPTION.  ONE-WAY CALLS ARE PROHIBITED WHEN A TRANSACTION IS ASSOCIATED WITH THE CALLING THREAD." number="19299358"/>
        <bug description="D.EFAULT ERROR-PAGE FROM SERVLET 3.0 SENDING MERGING RESPONSE OF 404 ERROR CODE. REMOTEDRT_WEBAPPCHECKINTEST FAILING AFTER THE FIX OF FIX OF BUG18746515" number="18746515"/>
        <bug description="'TRIED ALL  '1' ADDRESSES, BUT COULD NOT CONNECT OVER HTTP TO SERVER' MESSAGE SEEN WHEN ACCESSING /CONSOLEHELP ON A SYSTEM FRONTED BY OHS." number="20323632"/>
        <bug description="THE DURABLE SUBSCRIBER IS NOT DELETED ON UNDEPLOYING A DYNAMIC EJB MODULE." number="20080751"/>
        <bug description="ON WLS 12.1.3, JAPANESE IS NOT USED IN WLS SERVER LOG (E.G. &amp;lt;WLS-SERVER-NAME&amp;gt;.LOG) AND WLS STANDARD OUT (E.G. &amp;lt;WLS-SERVER-NAME&amp;gt;.OUT) EVEN THOUGH AN ENVIRONMENT VARIABLE IS SET AS LANG=JA_JP.UTF-8." number="19351700"/>
        <bug description="MAVEN PLUGIN FAILS TO EXECUTE GOAL UNDER PLUGIN COMPONENT" number="21746415"/>
        <bug description="WORK MANAGER NAME SHOWS (NO VALUE SPECIFIED) AFTER ITS CREATION." number="19297004"/>
        <bug description="CDI INJECTED PRINCIPAL NOT UPDATED AFTER CALLING HTTPSERVLETREQUEST#AUT." number="19001915"/>
        <bug description="ERROR SEEN WHEN REPLACING A SESSION OBJECT WHICH IS SERIALIZABLE TO ANOTHER OBJECT THAT IS NON-SERIALIZABLE." number="18718889"/>
        <bug description="THE HTTP CLIENT TRIES TO CONNECT DESTINATION SERVER DIRECTLY IF HTTPS CONNECTION IS OPENED WITH EXPLICIT PROXY OBJECT AND PROXY IS UNAVAILABLE." number="20798352"/>
        <bug description="T3S CONNECTION FAILS TO JAVA SERVICE OPC DOMAINS USING WLTHINT3CLIENT T3S CONNECTION FAILS TO JAVA SERVICE OPC DOMAINS USING WLTHINT3CLIENT." number="20758863"/>
        <bug description="CLASSLOADER LEAK HAPPENS ON REDEPLOYMENT IF CHANGEAWARECLASSLOADER IS REFERENCED FROM CLASSTABLEENTRY AND IT'S RETAINED BY BUBBLINGABBREVER. WEBLOGIC CLASSLOADER OBJECTS ARE SOMETIMES OBTAINED BY BUBBLINGABBREVER IT CAUSES CLASSLOADER LEAK." number="17394051"/>
        <bug description="AFTER RUNNING JAVA WEBLOGIC.APPMERGE -VERBOSE -OUTPUT MERGED.EAR -PLAN MYEJBAPP\PLAN\PLAN.XML MYEJBAPP\APP\MYEJBEAR.EAR &amp;lt;JTA-DATA-SOURCE&amp;gt;JDBC/MYDS&amp;lt;/JTA-DATA-SOURCE&amp;gt; IN PERSISTENCE.XML DOES NOT CHANGE AND ONLY &amp;lt;DISPLAY-NAME&amp;gt;MYEJBNEWNAME&amp;lt;/DIS" number="16562029"/>
        <bug description="THERE IS A CONFIGURATION ISSUE DURING FA PREFLIGHT GENERATION." number="21169554"/>
        <bug description="EXCESSIVE JAVAX.TRANSACTION.SYSTEMEXCEPTION ERRORS ARE LOGGED DURING A GRACEFUL SHUTDOWN WHEN JDBC TLOG IS CONFIGURED." number="18432174"/>
        <bug description="THERE IS AN ISSUE WITH THE SECONDS-TO-TRUST-AN-IDLE-CONNECTION FUNCTIONALITY." number="20266379"/>
        <bug description="Fix for Bug 20206879" number="20206879"/>
        <bug description="NODE MANAGER FAILS TO RESTART A WEBLOGIC SERVER PROCESS DUE TO A FAILED_NOT_RESTARTABLE ERROR OCCURRING WHEN WEBLOGIC SERVER FAILS TO START UP." number="19080525"/>
        <bug description="Fix for Bug 21107126" number="21107126"/>
        <bug description="THE FOLLOWING ERROR OCCURS WHEN BOTH THE TAG LIBRARY AND THE JSP FILE USING THE TAGS ARE CONTAINED INSIDE A JAR FILE  NO TAG LIBRARY COULD BE FOUND WITH THIS URI." number="19268444"/>
        <bug description="THERE IS AN ISSUE WITH THE JDT SHIPPED WITH WEBLOGIC SERVER." number="18729264"/>
        <bug description="THE ADMINISTRATION SERVER MAY HANG DURING STARTUP WHEN NODE MANAGER IS CONFIGURED IN A WEBLOGIC DOMAIN AND THE MANAGED SERVER(S) IS UNREACHABLE." number="19852007"/>
        <bug description="Fix for Bug 20985893" number="20985893"/>
        <bug description="CALLING A SERVERRUNTIME FROM AN EXTERNAL JMX CLIENT OR THE WEBLOGIC SERVER ADMINISTRATION CONSOLE AND STARTING A MANAGED SERVER CONCURRENTLY MAY DISPLAY ALL APPLICATIONS OF THE MANAGED SERVER IN THE NEW STATE WITH A FAILED HEALTH CHECK." number="20523619"/>
        <bug description="Fix for Bug 21069524" number="21069524"/>
        <bug description="Fix for Bug 20814890" number="20814890"/>
        <bug description="Fix for Bug 20906638" number="20906638"/>
        <bug description="THE &amp;lt;COOKIE-CONFIG&amp;gt; SETTINGS IN THE WEB.XML FILE ARE NOT BEING HONORED WHEN YOU REMOVE THE &amp;lt;COOKIE-CONFIG&amp;gt; SECTION IN THE WEBLOGIC.XML FILE." number="18376812"/>
        <bug description="WEBLOGIC.WORKAREA.WORKCONTEXTLOCALMAP.COPYTHREADCONTEXTS() CAUSES A CONCURRENTMODIFICATIONEXCEPTION ERROR." number="19936917"/>
        <bug description="DECLARING THE ONMESSAGE() METHOD IN THE SUPER INTERFACE OF THE MESSAGE LISTENER TYPE INTERFACE CAUSES A NOSUCHMETHODERROR." number="18481239"/>
        <bug description="AN RMIERROR OCCURS WHEN THE APPLET CLIENT SETS THE SYSTEM PROPERTY." number="18727635"/>
        <bug description="UNDER CERTAIN CIRCUMSTANCES, WHEN USING A JMS THIN CLIENT, THE FOLLOWING EXCEPTION OCCURS  NOCLASSDEFFOUNDERROR  WEBLOGIC/MANAGEMENT/COMMANDLINE/TOOLS/ADMINTOOLHELPER" number="19556868"/>
        <bug description="MAX-OPEN-SOCK-COUNT CANNOT BE CHANGED DYNAMICALLY IF IT IS TURNED ON OR TURNED OFF." number="18289179"/>
        <bug description="THERE IS AN ISSUE WITH STUCK THREADS WAITING FOR A RESPONSE AFTER AN EXECUTE REQUEST FAILS WITH AN ILLEGALSTATEEXCEPTION ERROR." number="18964349"/>
        <bug description="JTA JDBC TLOG FLUSH I/O FAILURES ARE PREMATURELY REPORTED AS FATAL." number="18305935"/>
        <bug description="THERE IS AN ISSUE WHERE AFFINITY IS SPECIFIED BUT IGNORED." number="19459949"/>
        <bug description="WHEN A NIO SOCKET REACHES TIMEOUT, SOCKET.WRITE() CAUSES A CLOSECHANNELEXCEPTION ERROR INSTEAD OF A SOCKETEXCEPTION ERROR. IN ADDITION, IF WEBLOGIC SERVER IS LAUNCHED WITH - DWEBLOGIC.GATHEREDWRITESENABLED=TRUE, THREAD WILL HANG ON SELECT()" number="19066738"/>
        <bug description="Fix for Bug 19988824" number="19988824"/>
        <bug description="QUEUE FORWARDING SOMETIMES FORWARDS TO INELIGIBLE MEMBERS." number="19265688"/>
        <bug description="A PROBLEM OCCURS IN A CONFIGURATION WITH A WEBLOGIC SERVER ACTIVE GRIDLINK DATA SOURCE WITH FAN AND AC BOTH ENABLED WORKING WITH A RAC CLUSTER. WHEN THE PUBLIC NETWORK INTERFACE FAILS, CONNECTIONS THAT ARE RESERVED BY THE APPLICATION ARE NO" number="19033547"/>
        <bug description="CDI DOES NOT CONSIDER ALL SUPERCLASSES AND INTERFACES OF AN EJB WHEN PROCESSING EJBS." number="19533331"/>
        <bug description="Fix for Bug 19576633" number="19576633"/>
        <bug description="ACCESSING AN EXTERNAL WEB RESOURCE IS VERY SLOW." number="18753794"/>
        <bug description="Fix for Bug 19907066" number="19907066"/>
        <bug description="IN SERVLET OR EJB APPLICATION CODE, CALLS TO JAVAX.SECURITY.JACC.POLICYCONTEXT.GETCONTEXT() SHOULD RETURN POLICY CONTEXT DATA AND NOT NULL WHEN THE APPLICATION IS RUNNING AND JACC HAS BEEN ENABLED." number="18671042"/>
        <bug description="A JAVA.LANG.CLASSNOTFOUNDEXCEPTION ERROR OCCURS WHEN LOOKING UP A GENERIC EJB." number="18912482"/>
        <bug description="A SIMPLE WEB APPLICATION CAN BE DEPLOYED WHEN THE JACC PROVIDER IS ENABLED. THE SAME WEB APPLICATION IS NOT DEPLOYED PROPERLY WHEN PACKAGED IN THE SAME EAR FILE." number="18922324"/>
        <bug description="BUFFEREDREADER HANGS WHEN HTTP POST USES CHUNKED TRANSFER ENCODING." number="19339238"/>
        <bug description="A MANAGED SERVER FAILS TO START WITH A INDEXOUTOFBOUNDSEXCEPTION ERROR." number="17721032"/>
        <bug description="AN INVALIDTARGETEXCEPTION OCCURS WHEN DEPLOYING A SIMPLE APPLICATION TO THE CLUSTER OF A NEWLY CREATED DOMAIN." number="18538501"/>
        <bug description="THERE IS A REGRESSION ISSUE THAT DOES NOT ALLOW THE DEPLOYER ROLE TO DEPLOY APPLICATIONS." number="19942900"/>
        <bug description="THE SYSTEM PROPERTY WEBLOGIC.DATA.CANTRANSFERANYFILE DID NOT ALLOW SOME FILES TO BE TRANSFERRED, BUT NOW WILL ALLOW ANY FILE TO BE TRANSFERRED." number="19730967"/>
        <bug description="THE DEFAULT ERROR-PAGE IS NOT WORKING IN WEBLOGIC SERVER." number="18276961"/>
        <bug description="Fix for Bug 19287842" number="19287842"/>
        <bug description="A NO-TEST MULTI DATA SOURCE WILL AUTOMATICALLY RE-USE A MANUAL." number="18589879"/>
        <bug description="A DRCP PROBLEM CAUSES CLOSED STATEMENT AND CLOSED RESULTSET ERRORS." number="17012341"/>
        <bug description="Fix for Bug 19287874" number="19287874"/>
        <bug description="Fix for Bug 18691894" number="18691894"/>
        <bug description="Fix for Bug 18859387" number="18859387"/>
        <bug description="Fix for Bug 18968900" number="18968900"/>
    </base_bugs>
    <required_components>
        <component internal_name="oracle.wls.workshop.code.completion.support" opt_req="O" version="12.1.3.0.0"/>
        <component internal_name="oracle.css.mod" opt_req="O" version="12.1.3.0.0"/>
        <component internal_name="oracle.fmwconfig.common.shared" opt_req="O" version="12.1.3.0.0"/>
        <component internal_name="oracle.wls.common.nodemanager" opt_req="O" version="12.1.3.0.0"/>
        <component internal_name="oracle.wls.server.shared.with.core.engine" opt_req="O" version="12.1.3.0.0"/>
        <component internal_name="oracle.webservices.base" opt_req="O" version="12.1.3.0.0"/>
        <component internal_name="oracle.webservices.orawsdl" opt_req="O" version="12.1.3.0.0"/>
        <component internal_name="oracle.wls.shared.with.cam" opt_req="O" version="12.1.3.0.0"/>
        <component internal_name="oracle.wls.libraries.mod" opt_req="O" version="12.1.3.0.0"/>
        <component internal_name="oracle.wls.admin.console.en" opt_req="O" version="12.1.3.0.0"/>
        <component internal_name="oracle.wls.core.app.server" opt_req="O" version="12.1.3.0.0"/>
        <component internal_name="oracle.webservices.wls" opt_req="O" version="12.1.3.0.0"/>
        <component internal_name="oracle.wls.clients" opt_req="O" version="12.1.3.0.0"/>
        <component internal_name="oracle.wls.wlsportable.mod" opt_req="O" version="12.1.3.0.0"/>
        <component internal_name="oracle.fmwconfig.common.wls.shared" opt_req="O" version="12.1.3.0.0"/>
        <component internal_name="oracle.wls.libraries" opt_req="O" version="12.1.3.0.0"/>
    </required_components>
    <os_platforms>
        <platform id="0" name="Generic Platform 1"/>
    </os_platforms>
    <executables/>
    <instance_shutdown>true</instance_shutdown>
    <instance_shutdown_message/>
    <online_rac_installable>false</online_rac_installable>
    <run_as_root>false</run_as_root>
    <sql_migrate>false</sql_migrate>
    <wls_prereq_oneoffs/>
    <prereq_oneoffs/>
    <overlay_oneoffs/>
    <patch_type sub_type="update" value="singleton"/>
    <patch_language value="en"/>
    <product_family value="fmw"/>
    <patching_model value="one-off"/>
    <auto>false</auto>
    <translatable>false</translatable>
</oneoff_inventory>
