<?xml version="1.0" encoding="UTF-8" standalone="yes"?>
<component-def name="oracle.jrf.toplink" version="12.1.3.0.0" description="Oracle TopLink" gdr-version="1.1.0.0" xmlns:ns2="http://xmlns.oracle.com/cie/stringsubs" xmlns="http://xmlns.oracle.com/cie/gdr/cpd">
  <file-map symbol="toplink.common.symbol" source="filegroup1.jar" expanded="true" compacted="true" patch="23596385">
    <exclude regex="\.ade_path" match-dirs="true"/>
    <directory dest="">
      <directory dest="modules" mode="750">
        <directory dest="oracle.toplink_12.1.3" mode="750"> 
          <file size="8703455" dest="eclipselink.jar" mode="640" action="injection"/>
        </directory> 
      </directory>
      <file-perms>
        <permission mode="640" regex=".*"/>
      </file-perms>
    </directory>
    <file-perms>
      <permission mode="750" regex=".*" match-dirs="true"/>
    </file-perms>
  </file-map>
  <libraries/>
</component-def>
