<?xml version="1.0" encoding="UTF-8" standalone="yes"?>

<!-- This is auto generated task definition file. Any changes to this file will be lost.-->

<task-definitions name="Oracle CIE Wizard Framework Built-In-Tasks" version="8.1.0.0" xmlns="http://xmlns.oracle.com/cie/wizard/task-defs">
    <taskdef name="jdbcRacDatasourceConfiguration_gui" class="com.oracle.cie.wizard.domain.gui.tasks.JdbcRacDatasourceConfigurationGUITask" caching-policy="NONE">
        <property name="configurationID" required="true" type="LITERAL"/>
        <property name="helpTopicKey" required="false" type="LITERAL"/>
    </taskdef>
    <taskdef name="loadConfigResources" class="com.oracle.cie.wizard.domain.silent.tasks.LoadConfigResourcesTask" caching-policy="REUSE">
        <property name="loadUIResources" required="false" type="BOOLEAN" default-value="false"/>
    </taskdef>
    <taskdef name="assign_gui" class="com.oracle.cie.wizard.domain.gui.tasks.AssignmentGUITask" caching-policy="NONE">
        <property name="enableHistory" required="false" type="BOOLEAN"/>
        <property name="sourceType" required="false" type="LITERAL"/>
        <property name="destinationType" required="false" type="LITERAL"/>
        <property name="assignmentInstruction" required="false" type="RESOURCE_KEY"/>
        <property name="modifyFlowHelperClass" required="false" type="CLASS">
            <type-constraint value="com.oracle.cie.wizard.domain.helpers.AssignmentModifyFlowListener"/>
        </property>
        <property name="helpTopicKey" required="false" type="LITERAL"/>
    </taskdef>
    <taskdef name="tableEdit_gui" class="com.oracle.cie.wizard.domain.gui.tasks.TableEditPropertiesGUITask" caching-policy="NONE">
        <property name="flowProperty" required="false" type="LITERAL"/>
        <property name="modifyFlowDelegaterClass" required="false" type="CLASS">
            <type-constraint value="com.oracle.cie.wizard.domain.helpers.DefaultTableEditPropertiesDelegate"/>
        </property>
        <property name="controlFlowRequired" required="false" type="BOOLEAN" default-value="false"/>
        <property name="disallowBypass" required="false" type="BOOLEAN"/>
        <property name="types" required="true" type="LITERAL"/>
        <property name="enableCloning" required="false" type="BOOLEAN"/>
        <property name="fixedSize" required="false" type="BOOLEAN"/>
        <property name="helpTopicKey" required="false" type="LITERAL"/>
    </taskdef>
    <taskdef name="outcome_gui" class="com.oracle.cie.wizard.domain.gui.tasks.OutcomeGUITask" caching-policy="NONE">
        <property name="startServer" required="false" type="BOOLEAN" default-value="false"/>
        <property name="successTitle" required="false" type="RESOURCE_KEY"/>
        <property name="failureTitle" required="false" type="RESOURCE_KEY"/>
        <property name="successProperty" required="false" type="RESOURCE_KEY"/>
        <property name="failureProperty" required="false" type="RESOURCE_KEY"/>
        <property name="helpTopicKey" required="false" type="LITERAL"/>
    </taskdef>
    <taskdef name="preloadTemplCat" class="com.oracle.cie.wizard.domain.silent.tasks.LoadTemplateCatalogTask" caching-policy="REUSE"/>
    <taskdef name="ShadowTableConfiguration_gui" class="com.oracle.cie.wizard.domain.gui.tasks.ShadowTableConfigurationGUITask" caching-policy="NONE">
        <property name="helpTopicKey" required="false" type="LITERAL"/>
    </taskdef>
    <taskdef name="setMessagePrefix" class="com.oracle.cie.wizard.domain.silent.tasks.SetMessagePrefixTask" caching-policy="REUSE">
        <property name="prefix" required="true" type="LITERAL"/>
    </taskdef>
    <taskdef name="progress_gui" class="com.oracle.cie.wizard.domain.gui.tasks.ProgressGUITask" caching-policy="NONE">
        <property name="helperClass" required="false" type="CLASS">
            <type-constraint value="com.oracle.cie.wizard.domain.helpers.ProgressTaskDelegate"/>
        </property>
        <property name="actionLoaderClass" required="true" type="CLASS">
            <type-constraint value="com.oracle.cie.domain.ConfigActionFactory"/>
        </property>
        <property name="stopOnError" required="false" type="BOOLEAN" default-value="false"/>
        <property name="helpTopicKey" required="false" type="LITERAL"/>
    </taskdef>
    <taskdef name="addSelectableItem_s" class="com.oracle.cie.wizard.domain.silent.tasks.AddSelectableItemSilentTask" caching-policy="NONE">
        <property name="label" required="true" type="RESOURCE_KEY"/>
        <property name="instruction" required="false" type="RESOURCE_KEY"/>
        <property name="evalClass" required="false" type="CLASS">
            <type-constraint value="com.oracle.cie.wizard.helpers.IEvaluator"/>
        </property>
        <property name="selectionKey" required="true" type="OBJECT_STORE_KEY"/>
    </taskdef>
    <taskdef name="home_selection_gui" class="com.oracle.cie.wizard.domain.gui.tasks.HomeSelectionGUITask" caching-policy="NONE">
        <property name="homeEnvVar" required="true" type="LITERAL"/>
        <property name="homeKey" required="true" type="OBJECT_STORE_KEY"/>
        <property name="helpTopicKey" required="false" type="LITERAL"/>
    </taskdef>
    <taskdef name="dumpVersions" class="com.oracle.cie.wizard.domain.silent.tasks.DumpVersionsTask" caching-policy="REUSE">
        <property name="nameAttrib" required="false" type="LITERAL"/>
        <property name="changeIdAttrib" required="false" type="LITERAL"/>
        <property name="helperClass" required="false" type="CLASS">
            <type-constraint value="com.oracle.cie.wizard.domain.helpers.DumpVersionHelper"/>
        </property>
        <property name="vendors" required="false" type="LITERAL"/>
        <property name="names" required="false" type="LITERAL"/>
    </taskdef>
    <taskdef name="applicationTemplateSelection_gui" class="com.oracle.cie.wizard.domain.gui.tasks.MultipleTemplateSelectionGUITask" caching-policy="NONE">
        <property name="dir" required="false" type="LITERAL"/>
        <property name="standardOptionEnabled" required="false" type="BOOLEAN" default-value="true"/>
        <property name="customOptionEnabled" required="false" type="BOOLEAN" default-value="true"/>
        <property name="allowEmptySelection" required="false" type="BOOLEAN" default-value="false"/>
        <property name="alwaysSelectRequired" required="false" type="BOOLEAN" default-value="false"/>
        <property name="defaultLabelKey" required="true" type="RESOURCE_KEY"/>
        <property name="customLabelKey" required="true" type="RESOURCE_KEY"/>
        <property name="disableProfilePanel" required="false" type="BOOLEAN" default-value="false"/>
        <property name="templateType" required="false" type="ENUM" default-value="Extension Template">
            <type-constraint value="Extension Template"/>
            <type-constraint value="Domain Template"/>
        </property>
        <property name="helperClass" required="false" type="CLASS">
            <type-constraint value="com.oracle.cie.wizard.domain.helpers.TemplateSelectionTaskDelegate"/>
        </property>
        <property name="helpTopicKey" required="false" type="LITERAL"/>
    </taskdef>
    <taskdef name="jdbcDatasourceConfiguration_gui" class="com.oracle.cie.wizard.domain.gui.tasks.JdbcDatasourceConfigurationGUITask" caching-policy="NONE">
        <property name="configurationID" required="true" type="LITERAL"/>
        <property name="helpTopicKey" required="false" type="LITERAL"/>
    </taskdef>
    <taskdef name="jdbcDatasourceConnTest_gui" class="com.oracle.cie.wizard.domain.gui.tasks.JdbcDatasourceConnTestGUITask" caching-policy="NONE">
        <property name="configurationID" required="true" type="LITERAL"/>
        <property name="helpTopicKey" required="false" type="LITERAL"/>
    </taskdef>
    <taskdef name="advancedConfig_gui" class="com.oracle.cie.wizard.domain.gui.tasks.AdvancedConfigurationGUITask" caching-policy="NONE">
        <property name="excludeKeys" required="false" type="LITERAL"/>
        <property name="helpTopicKey" required="false" type="LITERAL"/>
    </taskdef>
    <taskdef name="initInventoryMgr" class="com.oracle.cie.wizard.domain.silent.tasks.InitInventoryMgrTask" caching-policy="REUSE"/>
    <taskdef name="summary_gui" class="com.oracle.cie.wizard.domain.gui.tasks.SummaryGUITask" caching-policy="NONE">
        <property name="explanationKey" required="true" type="RESOURCE_KEY"/>
        <property name="customSummaryHelperClass" required="false" type="CLASS">
            <type-constraint value="com.oracle.cie.domain.SummaryHelper"/>
        </property>
        <property name="helpTopicKey" required="false" type="LITERAL"/>
    </taskdef>
</task-definitions>
