<?xml version="1.0" encoding="UTF-8" standalone="yes"?>
<component-def name="oracle.jersey" version="12.1.3.0.0" description="Oracle Jersey" gdr-version="1.1.0.0" xmlns:ns2="http://xmlns.oracle.com/cie/stringsubs" xmlns="http://xmlns.oracle.com/cie/gdr/cpd">
  <file-map symbol="asutl.symbol" source="filegroup1.jar" expanded="true" compacted="true" patch="20362480">
    <directory dest="">
      <directory dest="modules" mode="750">
        <file size="53273" dest="jersey-multipart-1.18.jar" mode="640" action="replacement"/>
        <file size="129018" dest="jersey-servlet-1.18.jar" mode="640" action="replacement"/>
        <file size="482375" dest="jersey-core-1.18.jar" mode="640" action="replacement"/>
        <file size="165384" dest="jersey-json-1.18.jar" mode="640" action="replacement"/>
        <file size="705359" dest="jersey-server-1.18.jar" mode="640" action="replacement"/>
        <file size="133931" dest="jersey-client-1.18.jar" mode="640" action="replacement"/>
      </directory>
      <file-perms>
        <permission mode="640" regex=".*"/>
      </file-perms>
    </directory>
    <file-perms>
      <permission mode="750" regex=".*" match-dirs="true"/>
    </file-perms>
  </file-map>
  <libraries/>
</component-def>
