<?xml version="1.0" encoding="UTF-8" standalone="yes"?>
<component-def name="oracle.wls.admin.console.en" version="12.1.3.0.0" description="Oracle WebLogic Administration Console English" gdr-version="1.1.0.0" xmlns:ns2="http://xmlns.oracle.com/cie/stringsubs" xmlns="http://xmlns.oracle.com/cie/gdr/cpd">
  <file-map symbol="wls.server.symbol" source="filegroup1.jar" expanded="true" compacted="true" patch="23772998">
    <exclude regex="\.ade_path" match-dirs="true"/>
    <directory dest="">
      <directory dest="server" mode="750">
        <directory dest="lib" mode="750">
          <directory dest="consoleapp" mode="750">
            <directory dest="APP-INF" mode="750">
              <directory dest="lib" mode="750">
                <file size="246174" dest="commons-beanutils.jar" mode="640" action="replacement"/>
                <file size="588337" dest="commons-collections-3.2.2.jar" mode="640" action="replacement"/>
                <file size="70604" dest="commons-fileupload.jar" mode="640" action="replacement"/>
                <file size="185140" dest="commons-io-2.4.jar" mode="640" action="replacement"/>
                <file size="522" dest="log4j-1.2.8.jar" mode="640" action="replacement"/>
                <file size="446103" dest="log4j-1.2.17-16.jar" mode="640" action="replacement"/>
                <file size="206430" dest="standard.jar" mode="640" action="replacement"/>
                <file size="504" dest="struts.jar" mode="640" action="replacement"/>
                <file size="549269" dest="oracle-ui.jar" mode="640" action="replacement"/>
              </directory>
            </directory>
            <directory dest="consolehelp" mode="750">
              <directory dest="navtree" mode="750">
                <file size="10908" dest="searchlist.js" mode="640" action="replacement"/>
              </directory>
              <directory dest="WEB-INF" mode="750">
                <directory dest="classes" mode="750">
                  <directory dest="com" mode="750">
                    <directory dest="bea" mode="750">
                      <directory dest="help" mode="750">
                        <directory dest="utils" mode="750">
                          <file size="4146" dest="HelpContentHelper.class" mode="640" action="replacement"/>
                        </directory>
                      </directory>
                    </directory>
                  </directory>
                  <directory dest="jsp_servlet" mode="750">
                    <directory dest="_jsp" mode="750">
                      <file size="12700" dest="__searchview.class" mode="640" action="replacement"/>
                    </directory>
                  </directory>
                </directory>
                <directory dest="lib" mode="750">
                  <file size="559699" dest="console.jar" mode="640" action="replacement"/>
                  <file size="206430" dest="standard.jar" mode="640" action="injection"/>
                  <file size="504" dest="struts.jar" mode="640" action="injection"/>
                  <file size="549269" dest="oracle-ui.jar" mode="640" action="replacement"/>
                </directory>
              </directory>
            </directory>
            <directory dest="webapp" mode="750">
              <directory dest="css" mode="750">
                <directory dest="lib" mode="750">
                  <file size="37326" dest="jquery-ui.css" mode="640" action="replacement"/>
                  <file size="18705" dest="jquery-ui.structure.css" mode="640" action="replacement"/>
                  <file size="15548" dest="jquery-ui.structure.min.css" mode="640" action="replacement"/>
                  <file size="32076" dest="jquery-ui.min.css" mode="640" action="replacement"/>
                  <file size="18671" dest="jquery-ui.theme.css" mode="640" action="replacement"/>
                  <file size="13849" dest="jquery-ui.theme.min.css" mode="640" action="replacement"/>
                </directory>
              </directory>
              <directory dest="javascript" mode="750">
                <directory dest="lib" mode="750">
                  <file size="49585" dest="flot-min.js" mode="640" action="replacement"/>
                  <file size="89476" dest="jquery-3.5.1.min.js" mode="640" action="replacement"/>
                  <file size="253669" dest="jquery-ui.min.js" mode="640" action="replacement"/>
                </directory>
                <file size="152812" dest="db-min.js" mode="640" action="replacement"/>
                <file size="29437" dest="mvc-min.js" mode="640" action="replacement"/>
                <file size="6687" dest="portletrefresh.js" mode="640" action="replacement"/>
                <file size="28299" dest="rp-min.js" mode="640" action="replacement"/>
              </directory>
              <directory dest="PortalConfig" mode="750">
                <directory dest="diagnostics" mode="750">
                  <file size="1325" dest="RequestPerformance.dependencies" mode="640" action="replacement"/>
                </directory>
              </directory>
              <directory dest="ui" mode="750">
                <file size="1987" dest="requestPerformance.html" mode="640" action="replacement"/>
              </directory>
              <directory dest="WEB-INF" mode="750">
                <directory dest="lib" mode="750">
                  <file size="586477" dest="console-de.jar" mode="640" action="injection"/>
                  <file size="571090" dest="console-es.jar" mode="640" action="injection"/>
                  <file size="577065" dest="console-fr.jar" mode="640" action="injection"/>
                  <file size="553780" dest="console-it.jar" mode="640" action="injection"/>
                  <file size="670598" dest="console-ja.jar" mode="640" action="injection"/>
                  <file size="22727158" dest="console.jar" mode="640" action="replacement"/>
                  <file size="619110" dest="console-ko.jar" mode="640" action="injection"/>
                  <file size="584033" dest="console-pt_BR.jar" mode="640" action="injection"/>
                  <file size="590744" dest="console-zh_CN.jar" mode="640" action="injection"/>
                  <file size="592978" dest="console-zh_TW.jar" mode="640" action="injection"/>
                  <file jarentry="server/lib/consoleapp/consolehelp/WEB-INF/lib/standard.jar" size="206430" dest="standard.jar" mode="640" action="injection"/>
                  <file jarentry="server/lib/consoleapp/consolehelp/WEB-INF/lib/struts.jar" size="504" dest="struts.jar" mode="640" action="injection"/>
                  <file jarentry="server/lib/consoleapp/consolehelp/WEB-INF/lib/oracle-ui.jar" size="549269" dest="oracle-ui.jar" mode="640" action="replacement"/>
                </directory>
                <file size="1633" dest="weblogic.xml" mode="640" action="replacement"/>
              </directory>
              <file size="9876" dest="dashboard" mode="640" action="replacement"/>
            </directory>
          </directory>
        </directory>
      </directory>
      <file-perms>
        <permission mode="640" regex=".*"/>
      </file-perms>
    </directory>
    <file-perms>
      <permission mode="750" regex=".*" match-dirs="true"/>
    </file-perms>
  </file-map>
  <libraries/>
</component-def>
