<?xml version="1.0" encoding="UTF-8" standalone="yes"?>
<component-def name="oracle.wls.shared.with.cam" version="12.1.3.0.0" description="oracle.wls.shared.cam" gdr-version="1.1.0.0" xmlns:ns2="http://xmlns.oracle.com/cie/stringsubs" xmlns="http://xmlns.oracle.com/cie/gdr/cpd">
  <file-map symbol="wls.server.symbol" source="filegroup1.jar" expanded="true" compacted="true" patch="23596385">
    <exclude regex="\.ade_path" match-dirs="true"/>
    <directory dest="">
      <directory dest="server" mode="750">
        <directory dest="lib" mode="750">
          <directory dest="schema" mode="750">
            <file size="879931" dest="weblogic-domain-binding.jar" mode="640" action="replacement"/>
          </directory>
        </directory>
      </directory>
      <directory dest="modules" mode="750">
        <file size="179045" dest="com.bea.core.diagnostics.accessor_4.0.0.0.jar" mode="640" action="injection"/>
        <file size="113776" dest="com.bea.core.jmspool_3.0.0.0.jar" mode="640" action="injection"/>
        <file size="277021" dest="com.bea.core.messaging.kernel_3.1.0.0.jar" mode="640" action="injection"/>
        <file size="277159" dest="com.bea.core.weblogic.security.t3.standalone.client_2.2.0.0.jar" mode="640" action="injection"/>
      </directory>
      <file-perms>
        <permission mode="640" regex=".*"/>
      </file-perms>
    </directory>
    <file-perms>
      <permission mode="750" regex=".*" match-dirs="true"/>
    </file-perms>
  </file-map>
  <libraries/>
</component-def>
