<?xml version="1.0" encoding="UTF-8" standalone="no"?>
<oneoff_actions>
    <oracle.jersey opt_req="O" version="12.1.3.0.0">
        <copy file_name="inventory/Components/oracle.jersey/12.1.3.0.0/patches/20362480/compDef.xml" name="compDef.xml" path="%ORACLE_HOME%/inventory/Components/oracle.jersey/12.1.3.0.0/patches/20362480" shaolue="8FA99C2798B1BE5E0EEFF0B9CBC8A732376D1A42"/>
    </oracle.jersey>
    <oracle.jersey opt_req="O" symbol="asutl.symbol" version="12.1.3.0.0">
        <copy file_name="modules/jersey-multipart-1.18.jar" name="jersey-multipart-1.18.jar" path="%ORACLE_HOME%/%SYMBOL%/modules" shaolue="63945F2BE993F5FE3C117764ACF04C7D0AA90EDB"/>
        <copy file_name="modules/jersey-servlet-1.18.jar" name="jersey-servlet-1.18.jar" path="%ORACLE_HOME%/%SYMBOL%/modules" shaolue="1BBFA8CD1B51EE585B57D046F5AB5895453BAED8"/>
        <copy file_name="modules/jersey-core-1.18.jar" name="jersey-core-1.18.jar" path="%ORACLE_HOME%/%SYMBOL%/modules" shaolue="4908E9DF65728ED31802B402A976C8919D4C84E6"/>
        <copy file_name="modules/jersey-json-1.18.jar" name="jersey-json-1.18.jar" path="%ORACLE_HOME%/%SYMBOL%/modules" shaolue="64FC26F081B8FED31B16F39618982D74A51B9CD5"/>
        <copy file_name="modules/jersey-server-1.18.jar" name="jersey-server-1.18.jar" path="%ORACLE_HOME%/%SYMBOL%/modules" shaolue="178B44803BAC2522ED7203042FF551D8457AA47E"/>
        <copy file_name="modules/jersey-client-1.18.jar" name="jersey-client-1.18.jar" path="%ORACLE_HOME%/%SYMBOL%/modules" shaolue="5C51D2CEC1A2C9DBAC51A94E1713660E6044F69F"/>
    </oracle.jersey>
</oneoff_actions>
