<?xml version="1.0" encoding="UTF-8" standalone="no"?>
<oneoff_inventory>
    <opack_version version="14.1.0.1.3"/>
    <patch_description>One-off</patch_description>
    <patch_id number="23636560"/>
    <unique_patch_id>20440501</unique_patch_id>
    <minimum_opatch_version>13.2.0.0.0</minimum_opatch_version>
    <cannot_autorollback>false</cannot_autorollback>
    <date_of_patch day="7" month="Jul" time="17:43:11 hrs" year="2016" zone="PST8PDT"/>
    <base_bugs>
        <bug description="REDO FIX FOR - LAMBDA EXPRESSION NOT SUPPORTED WITH JDK 8" number="23636560"/>
    </base_bugs>
    <required_components>
        <component internal_name="oracle.jersey" opt_req="O" version="12.1.3.0.0"/>
    </required_components>
    <os_platforms>
        <platform id="0" name="Generic Platform 1"/>
    </os_platforms>
    <executables/>
    <instance_shutdown>true</instance_shutdown>
    <instance_shutdown_message/>
    <online_rac_installable>false</online_rac_installable>
    <run_as_root>false</run_as_root>
    <sql_migrate>false</sql_migrate>
    <wls_prereq_oneoffs/>
    <prereq_oneoffs/>
    <overlay_oneoffs/>
    <patch_type value="singleton"/>
    <patch_language value="en"/>
    <product_family value="fmw"/>
    <patching_model value="one-off"/>
    <auto>false</auto>
    <translatable>false</translatable>
</oneoff_inventory>
