<?xml version="1.0" encoding="UTF-8" standalone="yes"?>
<component-def name="oracle.wls.admin.console.en" version="12.1.3.0.0" description="Oracle WebLogic Administration Console English" gdr-version="1.1.0.0" xmlns:ns2="http://xmlns.oracle.com/cie/stringsubs" xmlns="http://xmlns.oracle.com/cie/gdr/cpd">
  <file-map symbol="wls.server.symbol" source="filegroup1.jar" expanded="true" compacted="true" patch="23892501">
    <exclude regex="\.ade_path" match-dirs="true"/>
    <directory dest="">
      <directory dest="server" mode="750">
        <directory dest="lib" mode="750">
          <directory dest="consoleapp" mode="750">
            <directory dest="webapp" mode="750">
              <directory dest="WEB-INF" mode="750">
                <directory dest="lib" mode="750">
                  <file size="22729871" dest="console.jar" mode="640" action="injection"/>
                </directory>
              </directory>
            </directory>
          </directory>
        </directory>
      </directory>
      <file-perms>
        <permission mode="640" regex=".*"/>
      </file-perms>
    </directory>
    <file-perms>
      <permission mode="750" regex=".*" match-dirs="true"/>
    </file-perms>
  </file-map>
  <libraries/>
</component-def>
