<?xml version="1.0" encoding="UTF-8" standalone="no"?>
<oneoff_actions>
    <oracle.wls.admin.console.en opt_req="O" version="12.1.3.0.0">
        <copy file_name="inventory/Components/oracle.wls.admin.console.en/12.1.3.0.0/patches/23892501/compDef.xml" name="compDef.xml" path="%ORACLE_HOME%/inventory/Components/oracle.wls.admin.console.en/12.1.3.0.0/patches/23892501" retain_permission="true" shaolue="6347D264CB42FA2EE23E65385A436653382E78E4"/>
    </oracle.wls.admin.console.en>
    <oracle.wls.admin.console.en opt_req="O" symbol="wls.server.symbol" version="12.1.3.0.0">
        <jar class_name="server/lib/consoleapp/webapp/WEB-INF/lib/console.jar/com/bea/console/resource/http/ResourceServlet.class" name="console.jar" path="%ORACLE_HOME%/%SYMBOL%/server/lib/consoleapp/webapp/WEB-INF/lib" shaolue="72184926B04F012589831695E8200CE2321E79E3"/>
        <jar class_name="server/lib/consoleapp/webapp/WEB-INF/lib/console.jar/com/bea/console/utils/MBeanUtilsInitSingleFileServlet.class" name="console.jar" path="%ORACLE_HOME%/%SYMBOL%/server/lib/consoleapp/webapp/WEB-INF/lib" shaolue="15F7F318ECF0C25A7F30916F6AC5F71477930E40"/>
        <jar class_name="server/lib/consoleapp/webapp/WEB-INF/lib/console.jar/com/bea/console/internal/ConsoleActionServlet.class" name="console.jar" path="%ORACLE_HOME%/%SYMBOL%/server/lib/consoleapp/webapp/WEB-INF/lib" shaolue="C23069A7625C66E09547FCD65F8D18FD3A09B49D"/>
        <jar class_name="server/lib/consoleapp/webapp/WEB-INF/lib/console.jar/com/bea/console/resource/http/ResourceServlet$1.class" name="console.jar" path="%ORACLE_HOME%/%SYMBOL%/server/lib/consoleapp/webapp/WEB-INF/lib" shaolue="392EEF805786FA449553BC5AD8209A96017A8918"/>
        <jar class_name="server/lib/consoleapp/webapp/WEB-INF/lib/console.jar/com/bea/console/utils/ConsoleUtils.class" name="console.jar" path="%ORACLE_HOME%/%SYMBOL%/server/lib/consoleapp/webapp/WEB-INF/lib" shaolue="11D5A615EEDAF8947B6BE60F21F50F266F8D903B"/>
        <jar class_name="server/lib/consoleapp/webapp/WEB-INF/lib/console.jar/com/bea/console/resource/http/ResourceServlet$HttpTransportRequestInfoImpl.class" name="console.jar" path="%ORACLE_HOME%/%SYMBOL%/server/lib/consoleapp/webapp/WEB-INF/lib" shaolue="EDD013CFD1EC7F2C83F9CE1AC9909473E8B56B42"/>
        <jar class_name="server/lib/consoleapp/webapp/WEB-INF/lib/console.jar/com/bea/console/resource/http/ResourceServlet$ResponseHandlerImpl.class" name="console.jar" path="%ORACLE_HOME%/%SYMBOL%/server/lib/consoleapp/webapp/WEB-INF/lib" shaolue="F879F05B2A822105E0EA3AA50C3AADDDA7C44FAB"/>
    </oracle.wls.admin.console.en>
</oneoff_actions>
