<?xml version="1.0" encoding="UTF-8" standalone="no"?>
<oneoff_inventory>
    <opack_version version="14.1.0.1.7"/>
    <patch_description>One-off</patch_description>
    <patch_id number="32097177"/>
    <unique_patch_id>23892508</unique_patch_id>
    <minimum_opatch_version>13.2.0.0.0</minimum_opatch_version>
    <cannot_autorollback>false</cannot_autorollback>
    <date_of_patch day="1" month="Nov" time="11:00:24 hrs" year="2020" zone="PST8PDT"/>
    <base_bugs>
        <bug description="Fix for Bug 32054481" number="32054481"/>
    </base_bugs>
    <required_components>
        <component internal_name="oracle.wls.admin.console.en" opt_req="O" version="12.1.3.0.0"/>
    </required_components>
    <os_platforms>
        <platform id="0" name="Generic Platform 1"/>
    </os_platforms>
    <executables/>
    <instance_shutdown>true</instance_shutdown>
    <instance_shutdown_message/>
    <online_rac_installable>false</online_rac_installable>
    <run_as_root>false</run_as_root>
    <sql_migrate>false</sql_migrate>
    <wls_prereq_oneoffs/>
    <prereq_oneoffs>
        <prereq oneoff_id="31656851"/>
    </prereq_oneoffs>
    <overlay_oneoffs>
        <overlay oneoff_id="31656851"/>
    </overlay_oneoffs>
    <patch_type sub_type="update" value="singleton"/>
    <patch_language value="en"/>
    <product_family value="fmw"/>
    <patching_model value="one-off"/>
    <auto>false</auto>
    <translatable>false</translatable>
</oneoff_inventory>
