<?xml version="1.0"?>

<weblogic-web-app xmlns="http://xmlns.oracle.com/weblogic/weblogic-web-app" xmlns:xsi="http://www.w3.org/2001/XMLSchema-instance">

  <wl-dispatch-policy>consoleWorkManager</wl-dispatch-policy>

  <security-role-assignment>
    <role-name>Admin</role-name>
    <externally-defined/>
  </security-role-assignment>

  <security-role-assignment>
    <role-name>Operator</role-name>
    <externally-defined/>
  </security-role-assignment>

  <security-role-assignment>
    <role-name>Monitor</role-name>
    <externally-defined/>
  </security-role-assignment>

  <security-role-assignment>
    <role-name>Deployer</role-name>
    <externally-defined/>
  </security-role-assignment>

  <session-descriptor>
    <timeout-secs>3600</timeout-secs>
    <invalidation-interval-secs>60</invalidation-interval-secs>
    <cookie-name>ADMINCONSOLESESSION</cookie-name>
    <cookie-max-age-secs>-1</cookie-max-age-secs>
    <url-rewriting-enabled>false</url-rewriting-enabled>
  </session-descriptor>

  <jsp-descriptor>
    <keepgenerated>false</keepgenerated>
    <page-check-seconds>-1</page-check-seconds>
    <verbose>true</verbose>
    <debug>true</debug>
  </jsp-descriptor>

  <container-descriptor>
    <referer-validation>STRICT</referer-validation>
    <filter-dispatched-requests-enabled>false</filter-dispatched-requests-enabled>
    <servlet-reload-check-secs>-1</servlet-reload-check-secs>
  </container-descriptor>

  <security-permission>
    <security-permission-spec>
      grant { permission java.security.AllPermission ; } ;
    </security-permission-spec>
  </security-permission>

</weblogic-web-app>

